unix_time_stamp,controller_data,eef_pos
1713813737.8066688,"{'axis': [0.0, 0.0, -1.0, 0.0, 0.0, -1.0], 'button': [0, 0, 0, 0, 0, 0, 0, 0, 0, 0, 0, 0], 'hat': (0, 0)}","{'x': 0.43, 'y': 0.0, 'z': 0.54, 'roll': 0.0, 'pitch': 0.0, 'yaw': 0.0, 'grip_status': True}"
1713813737.9105608,"{'axis': [0.0, 0.0, -1.0, 0.0, 0.0, -1.0], 'button': [0, 0, 0, 0, 0, 0, 0, 0, 0, 0, 0, 0], 'hat': (0, 0)}","{'x': 0.43, 'y': 0.0, 'z': 0.54, 'roll': 0.0, 'pitch': 0.0, 'yaw': 0.0, 'grip_status': True}"
1713813738.0195107,"{'axis': [0.0, 0.0, -1.0, 0.0, 0.0, -1.0], 'button': [0, 0, 0, 0, 0, 0, 0, 0, 0, 0, 0, 0], 'hat': (0, 0)}","{'x': 0.43, 'y': 0.0, 'z': 0.54, 'roll': 0.0, 'pitch': 0.0, 'yaw': 0.0, 'grip_status': True}"
1713813738.160035,"{'axis': [0.0, 0.0, -1.0, 0.0, 0.0, -1.0], 'button': [0, 0, 0, 0, 0, 0, 0, 0, 0, 0, 0, 0], 'hat': (0, 0)}","{'x': 0.43, 'y': 0.0, 'z': 0.54, 'roll': 0.0, 'pitch': 0.0, 'yaw': 0.0, 'grip_status': True}"
1713813738.2435873,"{'axis': [0.0, 0.0, -1.0, 0.0, 0.0, -1.0], 'button': [0, 0, 0, 0, 0, 0, 0, 0, 0, 0, 0, 0], 'hat': (0, 0)}","{'x': 0.43, 'y': 0.0, 'z': 0.54, 'roll': 0.0, 'pitch': 0.0, 'yaw': 0.0, 'grip_status': True}"
1713813738.3709133,"{'axis': [0.0, 0.0, -1.0, 0.0, 0.0, -1.0], 'button': [0, 0, 0, 0, 0, 0, 0, 0, 0, 0, 0, 0], 'hat': (0, 0)}","{'x': 0.43, 'y': 0.0, 'z': 0.54, 'roll': 0.0, 'pitch': 0.0, 'yaw': 0.0, 'grip_status': True}"
1713813738.4611676,"{'axis': [0.0, 0.0, -1.0, 0.0, 0.0, -1.0], 'button': [0, 0, 0, 0, 0, 0, 0, 0, 0, 0, 0, 0], 'hat': (0, 0)}","{'x': 0.43, 'y': 0.0, 'z': 0.54, 'roll': 0.0, 'pitch': 0.0, 'yaw': 0.0, 'grip_status': True}"
1713813738.5805042,"{'axis': [0.0, 0.0, -1.0, 0.0, 0.0, -1.0], 'button': [0, 0, 0, 0, 0, 0, 0, 0, 0, 0, 0, 0], 'hat': (0, 0)}","{'x': 0.43, 'y': 0.0, 'z': 0.54, 'roll': 0.0, 'pitch': 0.0, 'yaw': 0.0, 'grip_status': True}"
1713813738.6939726,"{'axis': [0.0, 0.0, -1.0, 0.0, 0.0, -1.0], 'button': [0, 0, 0, 0, 0, 0, 0, 0, 0, 0, 0, 0], 'hat': (0, 0)}","{'x': 0.43, 'y': 0.0, 'z': 0.54, 'roll': 0.0, 'pitch': 0.0, 'yaw': 0.0, 'grip_status': True}"
1713813738.8039873,"{'axis': [0.0, 0.0, -1.0, 0.0, 0.0, -1.0], 'button': [0, 0, 0, 0, 0, 0, 0, 0, 0, 0, 0, 0], 'hat': (0, 0)}","{'x': 0.43, 'y': 0.0, 'z': 0.54, 'roll': 0.0, 'pitch': 0.0, 'yaw': 0.0, 'grip_status': True}"
1713813738.9082186,"{'axis': [0.0, 0.0, -1.0, 0.0, 0.0, -1.0], 'button': [0, 0, 0, 0, 0, 0, 0, 0, 0, 0, 0, 0], 'hat': (0, 0)}","{'x': 0.43, 'y': 0.0, 'z': 0.54, 'roll': 0.0, 'pitch': 0.0, 'yaw': 0.0, 'grip_status': True}"
1713813739.0199108,"{'axis': [0.0, 0.0, -1.0, 0.0, 0.0, -1.0], 'button': [0, 0, 0, 0, 0, 0, 0, 0, 0, 0, 0, 0], 'hat': (0, 0)}","{'x': 0.43, 'y': 0.0, 'z': 0.54, 'roll': 0.0, 'pitch': 0.0, 'yaw': 0.0, 'grip_status': True}"
1713813739.1581123,"{'axis': [0.0, 0.0, -1.0, 0.0, 0.0, -1.0], 'button': [0, 0, 0, 0, 0, 0, 0, 0, 0, 0, 0, 0], 'hat': (0, 0)}","{'x': 0.43, 'y': 0.0, 'z': 0.54, 'roll': 0.0, 'pitch': 0.0, 'yaw': 0.0, 'grip_status': True}"
1713813739.2741241,"{'axis': [0.0, 0.0, -1.0, 0.0, 0.0, -1.0], 'button': [0, 0, 0, 0, 0, 0, 0, 0, 0, 0, 0, 0], 'hat': (0, 0)}","{'x': 0.43, 'y': 0.0, 'z': 0.54, 'roll': 0.0, 'pitch': 0.0, 'yaw': 0.0, 'grip_status': True}"
1713813739.3509839,"{'axis': [0.0, 0.0, -1.0, 0.0, 0.0, -1.0], 'button': [0, 0, 0, 0, 0, 0, 0, 0, 0, 0, 0, 0], 'hat': (0, 0)}","{'x': 0.43, 'y': 0.0, 'z': 0.54, 'roll': 0.0, 'pitch': 0.0, 'yaw': 0.0, 'grip_status': True}"
1713813739.4657571,"{'axis': [0.0, 0.0, -1.0, 0.0, 0.0, -1.0], 'button': [0, 0, 0, 0, 0, 0, 0, 0, 0, 0, 0, 0], 'hat': (0, 0)}","{'x': 0.43, 'y': 0.0, 'z': 0.54, 'roll': 0.0, 'pitch': 0.0, 'yaw': 0.0, 'grip_status': True}"
1713813739.5725324,"{'axis': [0.0, 0.0, -1.0, 0.0, 0.0, -1.0], 'button': [0, 0, 0, 0, 0, 0, 0, 0, 0, 0, 0, 0], 'hat': (0, 0)}","{'x': 0.43, 'y': 0.0, 'z': 0.54, 'roll': 0.0, 'pitch': 0.0, 'yaw': 0.0, 'grip_status': True}"
1713813739.6925268,"{'axis': [0.0, 0.0, -1.0, 0.0, 0.0, -1.0], 'button': [0, 0, 0, 0, 0, 0, 0, 0, 0, 0, 0, 0], 'hat': (0, 0)}","{'x': 0.43, 'y': 0.0, 'z': 0.54, 'roll': 0.0, 'pitch': 0.0, 'yaw': 0.0, 'grip_status': True}"
1713813739.8006616,"{'axis': [0.0, 0.0, -1.0, 0.0, 0.0, -1.0], 'button': [0, 0, 0, 0, 0, 0, 0, 0, 0, 0, 0, 0], 'hat': (0, 0)}","{'x': 0.43, 'y': 0.0, 'z': 0.54, 'roll': 0.0, 'pitch': 0.0, 'yaw': 0.0, 'grip_status': True}"
1713813739.9473953,"{'axis': [0.0, 0.0, -1.0, 0.0, 0.0, -1.0], 'button': [0, 0, 0, 0, 0, 0, 0, 0, 0, 0, 0, 0], 'hat': (0, 0)}","{'x': 0.43, 'y': 0.0, 'z': 0.54, 'roll': 0.0, 'pitch': 0.0, 'yaw': 0.0, 'grip_status': True}"
1713813740.0141335,"{'axis': [0.0, 0.0, -1.0, 0.0, 0.0, -1.0], 'button': [0, 0, 0, 0, 0, 0, 0, 0, 0, 0, 0, 0], 'hat': (0, 0)}","{'x': 0.43, 'y': 0.0, 'z': 0.54, 'roll': 0.0, 'pitch': 0.0, 'yaw': 0.0, 'grip_status': True}"
1713813740.1247087,"{'axis': [0.0, 0.0, -1.0, 0.0, 0.0, -1.0], 'button': [0, 0, 0, 0, 0, 0, 0, 0, 0, 0, 0, 0], 'hat': (0, 0)}","{'x': 0.43, 'y': 0.0, 'z': 0.54, 'roll': 0.0, 'pitch': 0.0, 'yaw': 0.0, 'grip_status': True}"
1713813740.2360942,"{'axis': [0.0, 0.0, -1.0, 0.0, 0.0, -1.0], 'button': [0, 0, 0, 0, 0, 0, 0, 0, 0, 0, 0, 0], 'hat': (0, 0)}","{'x': 0.43, 'y': 0.0, 'z': 0.54, 'roll': 0.0, 'pitch': 0.0, 'yaw': 0.0, 'grip_status': True}"
1713813740.3461385,"{'axis': [0.0, 0.0, -1.0, 0.0, 0.0, -1.0], 'button': [0, 0, 0, 0, 0, 0, 0, 0, 0, 0, 0, 0], 'hat': (0, 0)}","{'x': 0.43, 'y': 0.0, 'z': 0.54, 'roll': 0.0, 'pitch': 0.0, 'yaw': 0.0, 'grip_status': True}"
1713813740.459593,"{'axis': [0.0, 0.0, -1.0, 0.0, 0.0, -1.0], 'button': [0, 0, 0, 0, 0, 0, 0, 0, 0, 0, 0, 0], 'hat': (0, 0)}","{'x': 0.43, 'y': 0.0, 'z': 0.54, 'roll': 0.0, 'pitch': 0.0, 'yaw': 0.0, 'grip_status': True}"
1713813740.566201,"{'axis': [0.0, 0.0, -1.0, 0.0, 0.0, -1.0], 'button': [0, 0, 0, 0, 0, 0, 0, 0, 0, 0, 0, 0], 'hat': (0, 0)}","{'x': 0.43, 'y': 0.0, 'z': 0.54, 'roll': 0.0, 'pitch': 0.0, 'yaw': 0.0, 'grip_status': True}"
1713813740.6775513,"{'axis': [0.0, 0.0, -1.0, 0.0, 0.0, -1.0], 'button': [0, 0, 0, 0, 0, 0, 0, 0, 0, 0, 0, 0], 'hat': (0, 0)}","{'x': 0.43, 'y': 0.0, 'z': 0.54, 'roll': 0.0, 'pitch': 0.0, 'yaw': 0.0, 'grip_status': True}"
1713813740.7871838,"{'axis': [0.0, 0.0, -1.0, 0.0, 0.0, -1.0], 'button': [0, 0, 0, 0, 0, 0, 0, 0, 0, 0, 0, 0], 'hat': (0, 0)}","{'x': 0.43, 'y': 0.0, 'z': 0.54, 'roll': 0.0, 'pitch': 0.0, 'yaw': 0.0, 'grip_status': True}"
1713813740.901207,"{'axis': [0.0, 0.0, -1.0, 0.0, 0.0, -1.0], 'button': [0, 0, 0, 0, 0, 0, 0, 0, 0, 0, 0, 0], 'hat': (0, 0)}","{'x': 0.43, 'y': 0.0, 'z': 0.54, 'roll': 0.0, 'pitch': 0.0, 'yaw': 0.0, 'grip_status': True}"
1713813741.0077996,"{'axis': [0.0, 0.0, -1.0, 0.0, 0.0, -1.0], 'button': [0, 0, 0, 0, 0, 0, 0, 0, 0, 0, 0, 0], 'hat': (0, 0)}","{'x': 0.43, 'y': 0.0, 'z': 0.54, 'roll': 0.0, 'pitch': 0.0, 'yaw': 0.0, 'grip_status': True}"
1713813741.125899,"{'axis': [0.0, 0.0, -1.0, 0.0, 0.0, -1.0], 'button': [0, 0, 0, 0, 0, 0, 0, 0, 0, 0, 0, 0], 'hat': (0, 0)}","{'x': 0.43, 'y': 0.0, 'z': 0.54, 'roll': 0.0, 'pitch': 0.0, 'yaw': 0.0, 'grip_status': True}"
1713813741.2292428,"{'axis': [0.0, 0.0, -1.0, 0.0, 0.0, -1.0], 'button': [0, 0, 0, 0, 0, 0, 0, 0, 0, 0, 0, 0], 'hat': (0, 0)}","{'x': 0.43, 'y': 0.0, 'z': 0.54, 'roll': 0.0, 'pitch': 0.0, 'yaw': 0.0, 'grip_status': True}"
1713813741.340278,"{'axis': [0.0, 0.0, -1.0, 0.0, 0.0, -1.0], 'button': [0, 0, 0, 0, 0, 0, 0, 0, 0, 0, 0, 0], 'hat': (0, 0)}","{'x': 0.43, 'y': 0.0, 'z': 0.54, 'roll': 0.0, 'pitch': 0.0, 'yaw': 0.0, 'grip_status': True}"
1713813741.4505148,"{'axis': [0.0, 0.0, -1.0, 0.0, 0.0, -1.0], 'button': [0, 0, 0, 0, 0, 0, 0, 0, 0, 0, 0, 0], 'hat': (0, 0)}","{'x': 0.43, 'y': 0.0, 'z': 0.54, 'roll': 0.0, 'pitch': 0.0, 'yaw': 0.0, 'grip_status': True}"
1713813741.5599775,"{'axis': [0.0, 0.0, -1.0, 0.0, 0.0, -1.0], 'button': [0, 0, 0, 0, 0, 0, 0, 0, 0, 0, 0, 0], 'hat': (0, 0)}","{'x': 0.43, 'y': 0.0, 'z': 0.54, 'roll': 0.0, 'pitch': 0.0, 'yaw': 0.0, 'grip_status': True}"
1713813741.6748245,"{'axis': [0.0, 0.0, -1.0, 0.0, 0.0, -1.0], 'button': [0, 0, 0, 0, 0, 0, 0, 0, 0, 0, 0, 0], 'hat': (0, 0)}","{'x': 0.43, 'y': 0.0, 'z': 0.54, 'roll': 0.0, 'pitch': 0.0, 'yaw': 0.0, 'grip_status': True}"
1713813741.7931676,"{'axis': [-0.043, -0.004, -1.0, -0.027, -0.027, -1.0], 'button': [0, 0, 0, 0, 0, 0, 0, 0, 0, 0, 0, 0], 'hat': (0, 0)}","{'x': 0.43, 'y': -0.0, 'z': 0.54, 'roll': 0.0, 'pitch': 0.0, 'yaw': 0.0, 'grip_status': True}"
1713813741.8952816,"{'axis': [-0.043, -0.004, -1.0, -0.027, -0.027, -1.0], 'button': [0, 0, 0, 0, 0, 0, 0, 0, 0, 0, 0, 0], 'hat': (0, 0)}","{'x': 0.43, 'y': -0.0, 'z': 0.54, 'roll': 0.0, 'pitch': 0.0, 'yaw': 0.0, 'grip_status': True}"
1713813742.001949,"{'axis': [-0.043, 0.035, -1.0, -0.027, -0.027, -1.0], 'button': [0, 0, 0, 0, 0, 0, 0, 0, 0, 0, 0, 0], 'hat': (0, 0)}","{'x': 0.43, 'y': -0.0, 'z': 0.54, 'roll': 0.0, 'pitch': 0.0, 'yaw': 0.0, 'grip_status': True}"
1713813742.1123857,"{'axis': [-0.122, 0.443, -1.0, -0.027, -0.027, -1.0], 'button': [0, 0, 0, 0, 0, 0, 0, 0, 0, 0, 0, 0], 'hat': (0, 0)}","{'x': 0.43, 'y': -0.0, 'z': 0.53, 'roll': 0.0, 'pitch': 0.0, 'yaw': 0.0, 'grip_status': True}"
1713813742.2298636,"{'axis': [-0.012, 0.898, -1.0, -0.027, -0.035, -1.0], 'button': [0, 0, 0, 0, 0, 0, 0, 0, 0, 0, 0, 0], 'hat': (0, 0)}","{'x': 0.43, 'y': -0.0, 'z': 0.51, 'roll': 0.0, 'pitch': 0.0, 'yaw': 0.0, 'grip_status': True}"
1713813742.346483,"{'axis': [-0.067, -0.02, -1.0, -0.027, -0.027, -1.0], 'button': [0, 0, 0, 0, 0, 0, 0, 0, 0, 0, 0, 0], 'hat': (0, 0)}","{'x': 0.43, 'y': -0.0, 'z': 0.51, 'roll': 0.0, 'pitch': 0.0, 'yaw': 0.0, 'grip_status': True}"
1713813742.4448736,"{'axis': [-0.067, -0.02, -1.0, -0.027, -0.027, -1.0], 'button': [0, 0, 0, 0, 0, 0, 0, 0, 0, 0, 0, 0], 'hat': (0, 0)}","{'x': 0.43, 'y': -0.0, 'z': 0.51, 'roll': 0.0, 'pitch': 0.0, 'yaw': 0.0, 'grip_status': True}"
1713813742.5750358,"{'axis': [-0.067, 0.035, -1.0, -0.027, -0.027, -1.0], 'button': [0, 0, 0, 0, 0, 0, 0, 0, 0, 0, 0, 0], 'hat': (0, 0)}","{'x': 0.43, 'y': -0.0, 'z': 0.51, 'roll': 0.0, 'pitch': 0.0, 'yaw': 0.0, 'grip_status': True}"
1713813742.6713703,"{'axis': [-0.082, 0.663, -1.0, -0.027, -0.027, -1.0], 'button': [0, 0, 0, 0, 0, 0, 0, 0, 0, 0, 0, 0], 'hat': (0, 0)}","{'x': 0.43, 'y': -0.0, 'z': 0.5, 'roll': 0.0, 'pitch': 0.0, 'yaw': 0.0, 'grip_status': True}"
1713813742.7821755,"{'axis': [-0.075, -0.004, -1.0, -0.027, -0.027, -1.0], 'button': [0, 0, 0, 0, 0, 0, 0, 0, 0, 0, 0, 0], 'hat': (0, 0)}","{'x': 0.43, 'y': -0.0, 'z': 0.5, 'roll': 0.0, 'pitch': 0.0, 'yaw': 0.0, 'grip_status': True}"
1713813742.8918018,"{'axis': [-0.067, -0.02, -1.0, -0.043, -0.02, -1.0], 'button': [0, 0, 0, 0, 0, 0, 0, 0, 0, 0, 0, 0], 'hat': (0, 0)}","{'x': 0.43, 'y': -0.0, 'z': 0.5, 'roll': 0.0, 'pitch': 0.0, 'yaw': 0.0, 'grip_status': True}"
1713813743.0054631,"{'axis': [-0.059, -0.02, -1.0, -0.678, 0.043, -1.0], 'button': [0, 0, 0, 0, 0, 0, 0, 0, 0, 0, 0, 0], 'hat': (0, 0)}","{'x': 0.43, 'y': -0.01, 'z': 0.5, 'roll': 0.0, 'pitch': 0.0, 'yaw': 0.0, 'grip_status': True}"
1713813743.1237798,"{'axis': [-0.059, -0.02, -1.0, -0.051, -0.051, -1.0], 'button': [0, 0, 0, 0, 0, 0, 0, 0, 0, 0, 0, 0], 'hat': (0, 0)}","{'x': 0.43, 'y': -0.01, 'z': 0.5, 'roll': 0.0, 'pitch': 0.0, 'yaw': 0.0, 'grip_status': True}"
1713813743.222681,"{'axis': [-0.059, -0.012, -1.0, -0.027, -0.027, -1.0], 'button': [0, 0, 0, 0, 0, 0, 0, 0, 0, 0, 0, 0], 'hat': (0, 0)}","{'x': 0.43, 'y': -0.01, 'z': 0.5, 'roll': 0.0, 'pitch': 0.0, 'yaw': 0.0, 'grip_status': True}"
1713813743.3335423,"{'axis': [-0.059, 0.027, -1.0, -0.027, -0.027, -1.0], 'button': [0, 0, 0, 0, 0, 0, 0, 0, 0, 0, 0, 0], 'hat': (0, 0)}","{'x': 0.43, 'y': -0.01, 'z': 0.5, 'roll': 0.0, 'pitch': 0.0, 'yaw': 0.0, 'grip_status': True}"
1713813743.449808,"{'axis': [-0.082, 0.169, -1.0, -0.027, -0.027, -1.0], 'button': [0, 0, 0, 0, 0, 0, 0, 0, 0, 0, 0, 0], 'hat': (0, 0)}","{'x': 0.43, 'y': -0.01, 'z': 0.5, 'roll': 0.0, 'pitch': 0.0, 'yaw': 0.0, 'grip_status': True}"
1713813743.5547972,"{'axis': [-0.098, 0.686, -1.0, -0.027, -0.035, -1.0], 'button': [0, 0, 0, 0, 0, 0, 0, 0, 0, 0, 0, 0], 'hat': (0, 0)}","{'x': 0.43, 'y': -0.01, 'z': 0.49, 'roll': 0.0, 'pitch': 0.0, 'yaw': 0.0, 'grip_status': True}"
1713813743.665109,"{'axis': [-0.176, 0.137, -1.0, -0.027, -0.027, -1.0], 'button': [0, 0, 0, 0, 0, 0, 0, 0, 0, 0, 0, 0], 'hat': (0, 0)}","{'x': 0.43, 'y': -0.01, 'z': 0.49, 'roll': 0.0, 'pitch': 0.0, 'yaw': 0.0, 'grip_status': True}"
1713813743.7755363,"{'axis': [-0.122, 0.231, -1.0, -0.027, -0.027, -1.0], 'button': [0, 0, 0, 0, 0, 0, 0, 0, 0, 0, 0, 0], 'hat': (0, 0)}","{'x': 0.43, 'y': -0.01, 'z': 0.48, 'roll': 0.0, 'pitch': 0.0, 'yaw': 0.0, 'grip_status': True}"
1713813743.8965616,"{'axis': [-0.137, 0.725, -1.0, -0.027, -0.035, -1.0], 'button': [0, 0, 0, 0, 0, 0, 0, 0, 0, 0, 0, 0], 'hat': (0, 0)}","{'x': 0.43, 'y': -0.01, 'z': 0.47, 'roll': 0.0, 'pitch': 0.0, 'yaw': 0.0, 'grip_status': True}"
1713813743.9983332,"{'axis': [-0.153, 0.145, -1.0, -0.027, -0.035, -1.0], 'button': [0, 0, 0, 0, 0, 0, 0, 0, 0, 0, 0, 0], 'hat': (0, 0)}","{'x': 0.43, 'y': -0.01, 'z': 0.47, 'roll': 0.0, 'pitch': 0.0, 'yaw': 0.0, 'grip_status': True}"
1713813744.113022,"{'axis': [-0.278, 0.498, -1.0, -0.027, -0.035, -1.0], 'button': [0, 0, 0, 0, 0, 0, 0, 0, 0, 0, 0, 0], 'hat': (0, 0)}","{'x': 0.43, 'y': -0.01, 'z': 0.46, 'roll': 0.0, 'pitch': 0.0, 'yaw': 0.0, 'grip_status': True}"
1713813744.225128,"{'axis': [-0.02, 0.733, -1.0, -0.027, -0.035, -1.0], 'button': [0, 0, 0, 0, 0, 0, 0, 0, 0, 0, 0, 0], 'hat': (0, 0)}","{'x': 0.43, 'y': -0.01, 'z': 0.45, 'roll': 0.0, 'pitch': 0.0, 'yaw': 0.0, 'grip_status': True}"
1713813744.333156,"{'axis': [-0.067, 0.043, -1.0, -0.027, -0.035, -1.0], 'button': [0, 0, 0, 0, 0, 0, 0, 0, 0, 0, 0, 0], 'hat': (0, 0)}","{'x': 0.43, 'y': -0.01, 'z': 0.45, 'roll': 0.0, 'pitch': 0.0, 'yaw': 0.0, 'grip_status': True}"
1713813744.4498038,"{'axis': [-0.114, 0.796, -1.0, -0.027, -0.035, -1.0], 'button': [0, 0, 0, 0, 0, 0, 0, 0, 0, 0, 0, 0], 'hat': (0, 0)}","{'x': 0.43, 'y': -0.01, 'z': 0.43, 'roll': 0.0, 'pitch': 0.0, 'yaw': 0.0, 'grip_status': True}"
1713813744.5479877,"{'axis': [-0.114, 1.0, -1.0, -0.027, -0.043, -1.0], 'button': [0, 0, 0, 0, 0, 0, 0, 0, 0, 0, 0, 0], 'hat': (0, 0)}","{'x': 0.43, 'y': -0.01, 'z': 0.41, 'roll': 0.0, 'pitch': 0.0, 'yaw': 0.0, 'grip_status': True}"
1713813744.6590192,"{'axis': [-0.129, 1.0, -1.0, -0.027, -0.035, -1.0], 'button': [0, 0, 0, 0, 0, 0, 0, 0, 0, 0, 0, 0], 'hat': (0, 0)}","{'x': 0.43, 'y': -0.01, 'z': 0.39, 'roll': 0.0, 'pitch': 0.0, 'yaw': 0.0, 'grip_status': True}"
1713813744.7718375,"{'axis': [-0.129, 1.0, -1.0, -0.027, -0.035, -1.0], 'button': [0, 0, 0, 0, 0, 0, 0, 0, 0, 0, 0, 0], 'hat': (0, 0)}","{'x': 0.43, 'y': -0.01, 'z': 0.37, 'roll': 0.0, 'pitch': 0.0, 'yaw': 0.0, 'grip_status': True}"
1713813744.8803327,"{'axis': [-0.067, 0.561, -1.0, -0.035, -0.043, -1.0], 'button': [0, 0, 0, 0, 0, 0, 0, 0, 0, 0, 0, 0], 'hat': (0, 0)}","{'x': 0.43, 'y': -0.01, 'z': 0.36, 'roll': 0.0, 'pitch': 0.0, 'yaw': 0.0, 'grip_status': True}"
1713813744.9905472,"{'axis': [-0.075, 0.098, -1.0, -0.027, -0.035, -1.0], 'button': [0, 0, 0, 0, 0, 0, 0, 0, 0, 0, 0, 0], 'hat': (0, 0)}","{'x': 0.43, 'y': -0.01, 'z': 0.36, 'roll': 0.0, 'pitch': 0.0, 'yaw': 0.0, 'grip_status': True}"
1713813745.1015587,"{'axis': [-0.067, 0.074, -1.0, -0.035, -0.035, -1.0], 'button': [0, 0, 0, 0, 0, 0, 0, 0, 0, 0, 0, 0], 'hat': (0, 0)}","{'x': 0.43, 'y': -0.01, 'z': 0.36, 'roll': 0.0, 'pitch': 0.0, 'yaw': 0.0, 'grip_status': True}"
1713813745.2479153,"{'axis': [-0.208, 0.804, -1.0, -0.035, -0.035, -1.0], 'button': [0, 0, 0, 0, 0, 0, 0, 0, 0, 0, 0, 0], 'hat': (0, 0)}","{'x': 0.43, 'y': -0.01, 'z': 0.34, 'roll': 0.0, 'pitch': 0.0, 'yaw': 0.0, 'grip_status': True}"
1713813745.334388,"{'axis': [-0.208, 1.0, -1.0, -0.035, -0.043, -1.0], 'button': [0, 0, 0, 0, 0, 0, 0, 0, 0, 0, 0, 0], 'hat': (0, 0)}","{'x': 0.43, 'y': -0.01, 'z': 0.32, 'roll': 0.0, 'pitch': 0.0, 'yaw': 0.0, 'grip_status': True}"
1713813745.4331453,"{'axis': [-0.153, 0.984, -1.0, -0.035, -0.043, -1.0], 'button': [0, 0, 0, 0, 0, 0, 0, 0, 0, 0, 0, 0], 'hat': (0, 0)}","{'x': 0.43, 'y': -0.01, 'z': 0.3, 'roll': 0.0, 'pitch': 0.0, 'yaw': 0.0, 'grip_status': True}"
1713813745.5439456,"{'axis': [-0.161, 0.576, -1.0, -0.035, -0.035, -1.0], 'button': [0, 0, 0, 0, 0, 0, 0, 0, 0, 0, 0, 0], 'hat': (0, 0)}","{'x': 0.43, 'y': -0.01, 'z': 0.29, 'roll': 0.0, 'pitch': 0.0, 'yaw': 0.0, 'grip_status': True}"
1713813745.6546204,"{'axis': [-0.082, 0.09, -1.0, -0.035, -0.035, -1.0], 'button': [0, 0, 0, 0, 0, 0, 0, 0, 0, 0, 0, 0], 'hat': (0, 0)}","{'x': 0.43, 'y': -0.01, 'z': 0.29, 'roll': 0.0, 'pitch': 0.0, 'yaw': 0.0, 'grip_status': True}"
1713813745.767554,"{'axis': [-0.059, 0.192, -1.0, -0.035, -0.035, -1.0], 'button': [0, 0, 0, 0, 0, 0, 0, 0, 0, 0, 0, 0], 'hat': (0, 0)}","{'x': 0.43, 'y': -0.01, 'z': 0.29, 'roll': 0.0, 'pitch': 0.0, 'yaw': 0.0, 'grip_status': True}"
1713813745.8745556,"{'axis': [-0.129, 1.0, -1.0, -0.035, -0.035, -1.0], 'button': [0, 0, 0, 0, 0, 0, 0, 0, 0, 0, 0, 0], 'hat': (0, 0)}","{'x': 0.43, 'y': -0.01, 'z': 0.27, 'roll': 0.0, 'pitch': 0.0, 'yaw': 0.0, 'grip_status': True}"
1713813745.9850364,"{'axis': [-0.059, 0.318, -1.0, -0.035, -0.035, -1.0], 'button': [0, 0, 0, 0, 0, 0, 0, 0, 0, 0, 0, 0], 'hat': (0, 0)}","{'x': 0.43, 'y': -0.01, 'z': 0.26, 'roll': 0.0, 'pitch': 0.0, 'yaw': 0.0, 'grip_status': True}"
1713813746.0997493,"{'axis': [-0.129, 0.365, -1.0, -0.035, -0.035, -1.0], 'button': [0, 0, 0, 0, 0, 0, 0, 0, 0, 0, 0, 0], 'hat': (0, 0)}","{'x': 0.43, 'y': -0.01, 'z': 0.25, 'roll': 0.0, 'pitch': 0.0, 'yaw': 0.0, 'grip_status': True}"
1713813746.20548,"{'axis': [-0.153, 0.984, -1.0, -0.035, -0.035, -1.0], 'button': [0, 0, 0, 0, 0, 0, 0, 0, 0, 0, 0, 0], 'hat': (0, 0)}","{'x': 0.43, 'y': -0.01, 'z': 0.23, 'roll': 0.0, 'pitch': 0.0, 'yaw': 0.0, 'grip_status': True}"
1713813746.3160594,"{'axis': [-0.067, 0.004, -1.0, -0.035, -0.035, -1.0], 'button': [0, 0, 0, 0, 0, 0, 0, 0, 0, 0, 0, 0], 'hat': (0, 0)}","{'x': 0.43, 'y': -0.01, 'z': 0.23, 'roll': 0.0, 'pitch': 0.0, 'yaw': 0.0, 'grip_status': True}"
1713813746.4401844,"{'axis': [-0.09, 0.239, -1.0, -0.035, -0.035, -1.0], 'button': [0, 0, 0, 0, 0, 0, 0, 0, 0, 0, 0, 0], 'hat': (0, 0)}","{'x': 0.43, 'y': -0.01, 'z': 0.23, 'roll': 0.0, 'pitch': 0.0, 'yaw': 0.0, 'grip_status': True}"
1713813746.578065,"{'axis': [-0.129, 1.0, -1.0, -0.035, -0.035, -1.0], 'button': [0, 0, 0, 0, 0, 0, 0, 0, 0, 0, 0, 0], 'hat': (0, 0)}","{'x': 0.43, 'y': -0.01, 'z': 0.21, 'roll': 0.0, 'pitch': 0.0, 'yaw': 0.0, 'grip_status': True}"
1713813746.6527224,"{'axis': [-0.106, 0.239, -1.0, -0.035, -0.035, -1.0], 'button': [0, 0, 0, 0, 0, 0, 0, 0, 0, 0, 0, 0], 'hat': (0, 0)}","{'x': 0.43, 'y': -0.01, 'z': 0.2, 'roll': 0.0, 'pitch': 0.0, 'yaw': 0.0, 'grip_status': True}"
1713813746.7646115,"{'axis': [-0.059, 0.02, -1.0, -0.035, -0.035, -1.0], 'button': [0, 0, 0, 0, 0, 0, 0, 0, 0, 0, 0, 0], 'hat': (0, 0)}","{'x': 0.43, 'y': -0.01, 'z': 0.2, 'roll': 0.0, 'pitch': 0.0, 'yaw': 0.0, 'grip_status': True}"
1713813746.873527,"{'axis': [-0.082, 0.247, -1.0, -0.035, -0.035, -1.0], 'button': [0, 0, 0, 0, 0, 0, 0, 0, 0, 0, 0, 0], 'hat': (0, 0)}","{'x': 0.43, 'y': -0.01, 'z': 0.2, 'roll': 0.0, 'pitch': 0.0, 'yaw': 0.0, 'grip_status': True}"
1713813746.9847076,"{'axis': [-0.161, 1.0, -1.0, -0.035, -0.043, -1.0], 'button': [0, 0, 0, 0, 0, 0, 0, 0, 0, 0, 0, 0], 'hat': (0, 0)}","{'x': 0.43, 'y': -0.01, 'z': 0.18, 'roll': 0.0, 'pitch': 0.0, 'yaw': 0.0, 'grip_status': True}"
1713813747.0971253,"{'axis': [-0.106, 0.09, -1.0, -0.035, -0.035, -1.0], 'button': [0, 0, 0, 0, 0, 0, 0, 0, 0, 0, 0, 0], 'hat': (0, 0)}","{'x': 0.43, 'y': -0.01, 'z': 0.18, 'roll': 0.0, 'pitch': 0.0, 'yaw': 0.0, 'grip_status': True}"
1713813747.2061455,"{'axis': [-0.051, 0.004, -1.0, -0.035, -0.035, -1.0], 'button': [0, 0, 0, 0, 0, 0, 0, 0, 0, 0, 0, 0], 'hat': (0, 0)}","{'x': 0.43, 'y': -0.01, 'z': 0.18, 'roll': 0.0, 'pitch': 0.0, 'yaw': 0.0, 'grip_status': True}"
1713813747.3163455,"{'axis': [-0.051, 0.004, -1.0, -0.043, -0.027, -1.0], 'button': [0, 0, 0, 0, 0, 0, 0, 0, 0, 0, 0, 0], 'hat': (0, 0)}","{'x': 0.43, 'y': -0.01, 'z': 0.18, 'roll': 0.0, 'pitch': 0.0, 'yaw': 0.0, 'grip_status': True}"
1713813747.4258502,"{'axis': [-0.051, 0.004, -1.0, -0.561, 0.082, -1.0], 'button': [0, 0, 0, 0, 0, 0, 0, 0, 0, 0, 0, 0], 'hat': (0, 0)}","{'x': 0.43, 'y': -0.02, 'z': 0.18, 'roll': 0.0, 'pitch': 0.0, 'yaw': 0.0, 'grip_status': True}"
1713813747.5379822,"{'axis': [-0.051, 0.004, -1.0, -1.0, 0.09, -1.0], 'button': [0, 0, 0, 0, 0, 0, 0, 0, 0, 0, 0, 0], 'hat': (0, 0)}","{'x': 0.43, 'y': -0.04, 'z': 0.18, 'roll': 0.0, 'pitch': 0.0, 'yaw': 0.0, 'grip_status': True}"
1713813747.646888,"{'axis': [-0.051, 0.004, -1.0, -0.482, 0.051, -1.0], 'button': [0, 0, 0, 0, 0, 0, 0, 0, 0, 0, 0, 0], 'hat': (0, 0)}","{'x': 0.43, 'y': -0.05, 'z': 0.18, 'roll': 0.0, 'pitch': 0.0, 'yaw': 0.0, 'grip_status': True}"
1713813747.76429,"{'axis': [-0.059, 0.027, -1.0, 0.012, -0.012, -1.0], 'button': [0, 0, 0, 0, 0, 0, 0, 0, 0, 0, 0, 0], 'hat': (0, 0)}","{'x': 0.43, 'y': -0.05, 'z': 0.18, 'roll': 0.0, 'pitch': 0.0, 'yaw': 0.0, 'grip_status': True}"
1713813747.87187,"{'axis': [-0.176, 0.788, -1.0, -0.02, -0.02, -1.0], 'button': [0, 0, 0, 0, 0, 0, 0, 0, 0, 0, 0, 0], 'hat': (0, 0)}","{'x': 0.43, 'y': -0.05, 'z': 0.16, 'roll': 0.0, 'pitch': 0.0, 'yaw': 0.0, 'grip_status': True}"
1713813747.9794106,"{'axis': [-0.247, 0.404, -1.0, -0.027, -0.02, -1.0], 'button': [0, 0, 0, 0, 0, 0, 0, 0, 0, 0, 0, 0], 'hat': (0, 0)}","{'x': 0.43, 'y': -0.05, 'z': 0.15, 'roll': 0.0, 'pitch': 0.0, 'yaw': 0.0, 'grip_status': True}"
1713813748.090415,"{'axis': [-0.059, 0.02, -1.0, -0.247, -0.02, -1.0], 'button': [0, 0, 0, 0, 0, 0, 0, 0, 0, 0, 0, 0], 'hat': (0, 0)}","{'x': 0.43, 'y': -0.06, 'z': 0.15, 'roll': 0.0, 'pitch': 0.0, 'yaw': 0.0, 'grip_status': True}"
1713813748.2008755,"{'axis': [-0.059, 0.02, -1.0, -1.0, -0.059, -1.0], 'button': [0, 0, 0, 0, 0, 0, 0, 0, 0, 0, 0, 0], 'hat': (0, 0)}","{'x': 0.43, 'y': -0.08, 'z': 0.15, 'roll': 0.0, 'pitch': 0.0, 'yaw': 0.0, 'grip_status': True}"
1713813748.3174653,"{'axis': [-0.059, 0.02, -1.0, -0.318, -0.106, -1.0], 'button': [0, 0, 0, 0, 0, 0, 0, 0, 0, 0, 0, 0], 'hat': (0, 0)}","{'x': 0.43, 'y': -0.09, 'z': 0.15, 'roll': 0.0, 'pitch': 0.0, 'yaw': 0.0, 'grip_status': True}"
1713813748.4517653,"{'axis': [-0.059, 0.012, -1.0, -0.059, -0.051, -1.0], 'button': [0, 0, 0, 0, 0, 0, 0, 0, 0, 0, 0, 0], 'hat': (0, 0)}","{'x': 0.43, 'y': -0.09, 'z': 0.15, 'roll': 0.0, 'pitch': 0.0, 'yaw': 0.0, 'grip_status': True}"
1713813748.5313408,"{'axis': [-0.059, 0.012, -1.0, -0.184, -0.051, -1.0], 'button': [0, 0, 0, 0, 0, 0, 0, 0, 0, 0, 0, 0], 'hat': (0, 0)}","{'x': 0.43, 'y': -0.09, 'z': 0.15, 'roll': 0.0, 'pitch': 0.0, 'yaw': 0.0, 'grip_status': True}"
1713813748.6576152,"{'axis': [-0.059, 0.012, -1.0, -1.0, -0.051, -1.0], 'button': [0, 0, 0, 0, 0, 0, 0, 0, 0, 0, 0, 0], 'hat': (0, 0)}","{'x': 0.43, 'y': -0.11, 'z': 0.15, 'roll': 0.0, 'pitch': 0.0, 'yaw': 0.0, 'grip_status': True}"
1713813748.7558663,"{'axis': [-0.059, 0.012, -1.0, -0.929, -0.051, -1.0], 'button': [0, 0, 0, 0, 0, 0, 0, 0, 0, 0, 0, 0], 'hat': (0, 0)}","{'x': 0.43, 'y': -0.13, 'z': 0.15, 'roll': 0.0, 'pitch': 0.0, 'yaw': 0.0, 'grip_status': True}"
1713813748.8647277,"{'axis': [-0.059, 0.012, -1.0, -0.035, -0.043, -1.0], 'button': [0, 0, 0, 0, 0, 0, 0, 0, 0, 0, 0, 0], 'hat': (0, 0)}","{'x': 0.43, 'y': -0.13, 'z': 0.15, 'roll': 0.0, 'pitch': 0.0, 'yaw': 0.0, 'grip_status': True}"
1713813748.9872167,"{'axis': [-0.059, 0.012, -1.0, -0.035, -0.035, -1.0], 'button': [0, 0, 0, 0, 0, 0, 0, 0, 0, 0, 0, 0], 'hat': (0, 0)}","{'x': 0.43, 'y': -0.13, 'z': 0.15, 'roll': 0.0, 'pitch': 0.0, 'yaw': 0.0, 'grip_status': True}"
1713813749.0913472,"{'axis': [-0.059, 0.012, -1.0, -0.49, -0.051, -1.0], 'button': [0, 0, 0, 0, 0, 0, 0, 0, 0, 0, 0, 0], 'hat': (0, 0)}","{'x': 0.43, 'y': -0.14, 'z': 0.15, 'roll': 0.0, 'pitch': 0.0, 'yaw': 0.0, 'grip_status': True}"
1713813749.2087364,"{'axis': [-0.059, 0.012, -1.0, -0.969, -0.004, -1.0], 'button': [0, 0, 0, 0, 0, 0, 0, 0, 0, 0, 0, 0], 'hat': (0, 0)}","{'x': 0.43, 'y': -0.16, 'z': 0.15, 'roll': 0.0, 'pitch': 0.0, 'yaw': 0.0, 'grip_status': True}"
1713813749.3058424,"{'axis': [-0.059, 0.012, -1.0, -0.969, -0.004, -1.0], 'button': [0, 0, 0, 0, 0, 0, 0, 0, 0, 0, 0, 0], 'hat': (0, 0)}","{'x': 0.43, 'y': -0.18, 'z': 0.15, 'roll': 0.0, 'pitch': 0.0, 'yaw': 0.0, 'grip_status': True}"
1713813749.4168286,"{'axis': [-0.059, 0.004, -1.0, -0.922, -0.004, -1.0], 'button': [0, 0, 0, 0, 0, 0, 0, 0, 0, 0, 0, 0], 'hat': (0, 0)}","{'x': 0.43, 'y': -0.2, 'z': 0.15, 'roll': 0.0, 'pitch': 0.0, 'yaw': 0.0, 'grip_status': True}"
1713813749.5258894,"{'axis': [-0.059, 0.012, -1.0, -0.749, -0.004, -1.0], 'button': [0, 0, 0, 0, 0, 0, 0, 0, 0, 0, 0, 0], 'hat': (0, 0)}","{'x': 0.43, 'y': -0.22, 'z': 0.15, 'roll': 0.0, 'pitch': 0.0, 'yaw': 0.0, 'grip_status': True}"
1713813749.6370547,"{'axis': [-0.059, 0.004, -1.0, -0.702, -0.004, -1.0], 'button': [0, 0, 0, 0, 0, 0, 0, 0, 0, 0, 0, 0], 'hat': (0, 0)}","{'x': 0.43, 'y': -0.23, 'z': 0.15, 'roll': 0.0, 'pitch': 0.0, 'yaw': 0.0, 'grip_status': True}"
1713813749.7471406,"{'axis': [-0.059, 0.012, -1.0, -0.702, -0.004, -1.0], 'button': [0, 0, 0, 0, 0, 0, 0, 0, 0, 0, 0, 0], 'hat': (0, 0)}","{'x': 0.43, 'y': -0.24, 'z': 0.15, 'roll': 0.0, 'pitch': 0.0, 'yaw': 0.0, 'grip_status': True}"
1713813749.859409,"{'axis': [-0.059, 0.012, -1.0, -0.702, -0.004, -1.0], 'button': [0, 0, 0, 0, 0, 0, 0, 0, 0, 0, 0, 0], 'hat': (0, 0)}","{'x': 0.43, 'y': -0.25, 'z': 0.15, 'roll': 0.0, 'pitch': 0.0, 'yaw': 0.0, 'grip_status': True}"
1713813749.9685364,"{'axis': [-0.059, 0.012, -1.0, -0.757, -0.004, -1.0], 'button': [0, 0, 0, 0, 0, 0, 0, 0, 0, 0, 0, 0], 'hat': (0, 0)}","{'x': 0.43, 'y': -0.27, 'z': 0.15, 'roll': 0.0, 'pitch': 0.0, 'yaw': 0.0, 'grip_status': True}"
1713813750.0810018,"{'axis': [-0.059, 0.012, -1.0, -0.812, 0.004, -1.0], 'button': [0, 0, 0, 0, 0, 0, 0, 0, 0, 0, 0, 0], 'hat': (0, 0)}","{'x': 0.43, 'y': -0.29, 'z': 0.15, 'roll': 0.0, 'pitch': 0.0, 'yaw': 0.0, 'grip_status': True}"
1713813750.1901407,"{'axis': [-0.059, 0.012, -1.0, -0.812, 0.004, -1.0], 'button': [0, 0, 0, 0, 0, 0, 0, 0, 0, 0, 0, 0], 'hat': (0, 0)}","{'x': 0.43, 'y': -0.31, 'z': 0.15, 'roll': 0.0, 'pitch': 0.0, 'yaw': 0.0, 'grip_status': True}"
1713813750.3036625,"{'axis': [-0.059, 0.004, -1.0, -0.812, 0.004, -1.0], 'button': [0, 0, 0, 0, 0, 0, 0, 0, 0, 0, 0, 0], 'hat': (0, 0)}","{'x': 0.43, 'y': -0.33, 'z': 0.15, 'roll': 0.0, 'pitch': 0.0, 'yaw': 0.0, 'grip_status': True}"
1713813750.422116,"{'axis': [-0.059, 0.012, -1.0, -0.78, 0.004, -1.0], 'button': [0, 0, 0, 0, 0, 0, 0, 0, 0, 0, 0, 0], 'hat': (0, 0)}","{'x': 0.43, 'y': -0.35, 'z': 0.15, 'roll': 0.0, 'pitch': 0.0, 'yaw': 0.0, 'grip_status': True}"
1713813750.5267437,"{'axis': [-0.059, 0.012, -1.0, -0.718, 0.004, -1.0], 'button': [0, 0, 0, 0, 0, 0, 0, 0, 0, 0, 0, 0], 'hat': (0, 0)}","{'x': 0.43, 'y': -0.36, 'z': 0.15, 'roll': 0.0, 'pitch': 0.0, 'yaw': 0.0, 'grip_status': True}"
1713813750.641705,"{'axis': [-0.059, 0.012, -1.0, -0.427, 0.004, -1.0], 'button': [0, 0, 0, 0, 0, 0, 0, 0, 0, 0, 0, 0], 'hat': (0, 0)}","{'x': 0.43, 'y': -0.37, 'z': 0.15, 'roll': 0.0, 'pitch': 0.0, 'yaw': 0.0, 'grip_status': True}"
1713813750.749011,"{'axis': [-0.059, 0.012, -1.0, 0.114, 0.027, -1.0], 'button': [0, 0, 0, 0, 0, 0, 0, 0, 0, 0, 0, 0], 'hat': (0, 0)}","{'x': 0.43, 'y': -0.37, 'z': 0.15, 'roll': 0.0, 'pitch': 0.0, 'yaw': 0.0, 'grip_status': True}"
1713813750.85728,"{'axis': [-0.059, 0.004, -1.0, 1.0, 0.176, -1.0], 'button': [0, 0, 0, 0, 0, 0, 0, 0, 0, 0, 0, 0], 'hat': (0, 0)}","{'x': 0.43, 'y': -0.35, 'z': 0.15, 'roll': 0.0, 'pitch': 0.0, 'yaw': 0.0, 'grip_status': True}"
1713813750.9665723,"{'axis': [-0.059, 0.004, -1.0, 1.0, 0.2, -1.0], 'button': [0, 0, 0, 0, 0, 0, 0, 0, 0, 0, 0, 0], 'hat': (0, 0)}","{'x': 0.43, 'y': -0.33, 'z': 0.15, 'roll': 0.0, 'pitch': 0.0, 'yaw': 0.0, 'grip_status': True}"
1713813751.090144,"{'axis': [-0.059, 0.012, -1.0, 0.788, 0.067, -1.0], 'button': [0, 0, 0, 0, 0, 0, 0, 0, 0, 0, 0, 0], 'hat': (0, 0)}","{'x': 0.43, 'y': -0.31, 'z': 0.15, 'roll': 0.0, 'pitch': 0.0, 'yaw': 0.0, 'grip_status': True}"
1713813751.199761,"{'axis': [-0.059, 0.004, -1.0, 0.004, -0.012, -1.0], 'button': [0, 0, 0, 0, 0, 0, 0, 0, 0, 0, 0, 0], 'hat': (0, 0)}","{'x': 0.43, 'y': -0.31, 'z': 0.15, 'roll': 0.0, 'pitch': 0.0, 'yaw': 0.0, 'grip_status': True}"
1713813751.2997622,"{'axis': [-0.059, 0.004, -1.0, 0.576, 0.02, -1.0], 'button': [0, 0, 0, 0, 0, 0, 0, 0, 0, 0, 0, 0], 'hat': (0, 0)}","{'x': 0.43, 'y': -0.3, 'z': 0.15, 'roll': 0.0, 'pitch': 0.0, 'yaw': 0.0, 'grip_status': True}"
1713813751.409689,"{'axis': [-0.059, 0.004, -1.0, 0.741, 0.02, -1.0], 'button': [0, 0, 0, 0, 0, 0, 0, 0, 0, 0, 0, 0], 'hat': (0, 0)}","{'x': 0.43, 'y': -0.28, 'z': 0.15, 'roll': 0.0, 'pitch': 0.0, 'yaw': 0.0, 'grip_status': True}"
1713813751.5193222,"{'axis': [-0.059, 0.004, -1.0, -0.02, -0.035, -1.0], 'button': [0, 0, 0, 0, 0, 0, 0, 0, 0, 0, 0, 0], 'hat': (0, 0)}","{'x': 0.43, 'y': -0.28, 'z': 0.15, 'roll': 0.0, 'pitch': 0.0, 'yaw': 0.0, 'grip_status': True}"
1713813751.630411,"{'axis': [-0.059, 0.004, -1.0, -0.02, -0.035, -1.0], 'button': [0, 0, 0, 0, 0, 0, 0, 0, 0, 0, 0, 0], 'hat': (0, 0)}","{'x': 0.43, 'y': -0.28, 'z': 0.15, 'roll': 0.0, 'pitch': 0.0, 'yaw': 0.0, 'grip_status': True}"
1713813751.7516875,"{'axis': [-0.059, 0.004, -1.0, -0.02, -0.027, -1.0], 'button': [0, 0, 0, 0, 0, 0, 0, 0, 0, 0, 0, 0], 'hat': (0, 0)}","{'x': 0.43, 'y': -0.28, 'z': 0.15, 'roll': 0.0, 'pitch': 0.0, 'yaw': 0.0, 'grip_status': True}"
1713813751.8509338,"{'axis': [-0.059, 0.004, -1.0, -0.02, -0.027, -1.0], 'button': [0, 0, 0, 0, 0, 0, 0, 0, 0, 0, 0, 0], 'hat': (0, 0)}","{'x': 0.43, 'y': -0.28, 'z': 0.15, 'roll': 0.0, 'pitch': 0.0, 'yaw': 0.0, 'grip_status': True}"
1713813751.9643931,"{'axis': [-0.059, 0.004, -1.0, -0.02, -0.035, -1.0], 'button': [0, 0, 0, 0, 0, 0, 0, 0, 0, 0, 0, 0], 'hat': (0, 0)}","{'x': 0.43, 'y': -0.28, 'z': 0.15, 'roll': 0.0, 'pitch': 0.0, 'yaw': 0.0, 'grip_status': True}"
1713813752.0717404,"{'axis': [-0.059, 0.004, -1.0, -0.02, -0.027, -1.0], 'button': [0, 0, 0, 0, 0, 0, 0, 0, 0, 0, 0, 0], 'hat': (0, 0)}","{'x': 0.43, 'y': -0.28, 'z': 0.15, 'roll': 0.0, 'pitch': 0.0, 'yaw': 0.0, 'grip_status': True}"
1713813752.1823423,"{'axis': [-0.059, 0.004, -1.0, -0.02, -0.027, -1.0], 'button': [0, 0, 0, 0, 0, 0, 0, 0, 0, 0, 0, 0], 'hat': (0, 0)}","{'x': 0.43, 'y': -0.28, 'z': 0.15, 'roll': 0.0, 'pitch': 0.0, 'yaw': 0.0, 'grip_status': True}"
1713813752.2931352,"{'axis': [-0.059, 0.004, -1.0, -0.02, -0.035, -1.0], 'button': [0, 0, 0, 0, 0, 0, 0, 0, 0, 0, 0, 0], 'hat': (0, 0)}","{'x': 0.43, 'y': -0.28, 'z': 0.15, 'roll': 0.0, 'pitch': 0.0, 'yaw': 0.0, 'grip_status': True}"
1713813752.4020376,"{'axis': [-0.059, 0.004, -1.0, -0.02, -0.027, -1.0], 'button': [0, 0, 0, 0, 0, 0, 0, 0, 0, 0, 0, 0], 'hat': (0, 0)}","{'x': 0.43, 'y': -0.28, 'z': 0.15, 'roll': 0.0, 'pitch': 0.0, 'yaw': 0.0, 'grip_status': True}"
1713813752.5144033,"{'axis': [-0.059, 0.004, -1.0, -0.02, -0.027, -1.0], 'button': [0, 0, 0, 0, 0, 0, 0, 0, 0, 0, 0, 0], 'hat': (0, 0)}","{'x': 0.43, 'y': -0.28, 'z': 0.15, 'roll': 0.0, 'pitch': 0.0, 'yaw': 0.0, 'grip_status': True}"
1713813752.6263242,"{'axis': [-0.059, 0.004, -1.0, -0.02, -0.035, -1.0], 'button': [0, 0, 0, 0, 0, 0, 0, 0, 0, 0, 0, 0], 'hat': (0, 0)}","{'x': 0.43, 'y': -0.28, 'z': 0.15, 'roll': 0.0, 'pitch': 0.0, 'yaw': 0.0, 'grip_status': True}"
1713813752.7376328,"{'axis': [-0.059, 0.004, -1.0, -0.02, -0.027, -1.0], 'button': [0, 0, 0, 0, 0, 0, 0, 0, 0, 0, 0, 0], 'hat': (0, 0)}","{'x': 0.43, 'y': -0.28, 'z': 0.15, 'roll': 0.0, 'pitch': 0.0, 'yaw': 0.0, 'grip_status': True}"
1713813752.8542747,"{'axis': [-0.059, 0.004, -1.0, -0.02, -0.027, -1.0], 'button': [0, 0, 0, 0, 0, 0, 0, 0, 0, 0, 0, 0], 'hat': (0, 0)}","{'x': 0.43, 'y': -0.28, 'z': 0.15, 'roll': 0.0, 'pitch': 0.0, 'yaw': 0.0, 'grip_status': True}"
1713813752.9560478,"{'axis': [-0.059, 0.004, -1.0, -0.02, -0.027, -1.0], 'button': [0, 0, 0, 0, 0, 0, 0, 0, 0, 0, 0, 0], 'hat': (0, 0)}","{'x': 0.43, 'y': -0.28, 'z': 0.15, 'roll': 0.0, 'pitch': 0.0, 'yaw': 0.0, 'grip_status': True}"
1713813753.065333,"{'axis': [-0.059, 0.004, -1.0, -0.02, -0.027, -1.0], 'button': [0, 0, 0, 0, 0, 0, 0, 0, 0, 0, 0, 0], 'hat': (0, 0)}","{'x': 0.43, 'y': -0.28, 'z': 0.15, 'roll': 0.0, 'pitch': 0.0, 'yaw': 0.0, 'grip_status': True}"
1713813753.176339,"{'axis': [-0.059, 0.004, -1.0, -0.02, -0.035, -1.0], 'button': [0, 0, 0, 0, 0, 0, 0, 0, 0, 0, 0, 0], 'hat': (0, 0)}","{'x': 0.43, 'y': -0.28, 'z': 0.15, 'roll': 0.0, 'pitch': 0.0, 'yaw': 0.0, 'grip_status': True}"
1713813753.287292,"{'axis': [-0.059, 0.004, -1.0, -0.02, -0.027, -1.0], 'button': [0, 0, 0, 0, 0, 0, 0, 0, 0, 0, 0, 0], 'hat': (0, 0)}","{'x': 0.43, 'y': -0.28, 'z': 0.15, 'roll': 0.0, 'pitch': 0.0, 'yaw': 0.0, 'grip_status': True}"
1713813753.400289,"{'axis': [-0.059, 0.004, -1.0, -0.02, -0.027, -1.0], 'button': [0, 0, 0, 0, 0, 0, 0, 0, 0, 0, 0, 0], 'hat': (0, 0)}","{'x': 0.43, 'y': -0.28, 'z': 0.15, 'roll': 0.0, 'pitch': 0.0, 'yaw': 0.0, 'grip_status': True}"
1713813753.5073917,"{'axis': [-0.059, 0.004, -1.0, -0.02, -0.027, -1.0], 'button': [0, 0, 0, 0, 0, 0, 0, 0, 0, 0, 0, 0], 'hat': (0, 0)}","{'x': 0.43, 'y': -0.28, 'z': 0.15, 'roll': 0.0, 'pitch': 0.0, 'yaw': 0.0, 'grip_status': True}"
1713813753.6187718,"{'axis': [-0.059, 0.004, -1.0, -0.02, -0.027, -1.0], 'button': [0, 0, 0, 0, 0, 0, 0, 0, 0, 0, 0, 0], 'hat': (0, 0)}","{'x': 0.43, 'y': -0.28, 'z': 0.15, 'roll': 0.0, 'pitch': 0.0, 'yaw': 0.0, 'grip_status': True}"
1713813753.728729,"{'axis': [-0.059, 0.004, -1.0, -0.02, -0.027, -1.0], 'button': [0, 0, 0, 0, 0, 0, 0, 0, 0, 0, 0, 0], 'hat': (0, 0)}","{'x': 0.43, 'y': -0.28, 'z': 0.15, 'roll': 0.0, 'pitch': 0.0, 'yaw': 0.0, 'grip_status': True}"
1713813753.8432415,"{'axis': [-0.059, 0.004, -1.0, -0.02, -0.027, -1.0], 'button': [0, 0, 0, 0, 0, 0, 0, 0, 0, 0, 0, 0], 'hat': (0, 0)}","{'x': 0.43, 'y': -0.28, 'z': 0.15, 'roll': 0.0, 'pitch': 0.0, 'yaw': 0.0, 'grip_status': True}"
1713813753.9589145,"{'axis': [-0.059, -0.004, -1.0, -0.02, -0.027, -1.0], 'button': [0, 0, 0, 0, 0, 0, 0, 0, 0, 0, 0, 0], 'hat': (0, 0)}","{'x': 0.43, 'y': -0.28, 'z': 0.15, 'roll': 0.0, 'pitch': 0.0, 'yaw': 0.0, 'grip_status': True}"
1713813754.0613458,"{'axis': [-0.059, 0.004, -1.0, -0.02, -0.027, -1.0], 'button': [0, 0, 0, 0, 0, 0, 0, 0, 0, 0, 0, 0], 'hat': (0, 0)}","{'x': 0.43, 'y': -0.28, 'z': 0.15, 'roll': 0.0, 'pitch': 0.0, 'yaw': 0.0, 'grip_status': True}"
1713813754.1790817,"{'axis': [-0.059, 0.004, -1.0, -0.02, -0.027, -1.0], 'button': [0, 0, 0, 0, 0, 0, 0, 0, 0, 0, 0, 0], 'hat': (0, 0)}","{'x': 0.43, 'y': -0.28, 'z': 0.15, 'roll': 0.0, 'pitch': 0.0, 'yaw': 0.0, 'grip_status': True}"
1713813754.2821674,"{'axis': [-0.059, 0.004, -1.0, -0.02, -0.027, -1.0], 'button': [0, 0, 0, 0, 0, 0, 0, 0, 0, 0, 0, 0], 'hat': (0, 0)}","{'x': 0.43, 'y': -0.28, 'z': 0.15, 'roll': 0.0, 'pitch': 0.0, 'yaw': 0.0, 'grip_status': True}"
1713813754.400364,"{'axis': [-0.059, 0.004, -1.0, -0.02, -0.027, -1.0], 'button': [0, 0, 0, 0, 0, 0, 0, 0, 0, 0, 0, 0], 'hat': (0, 0)}","{'x': 0.43, 'y': -0.28, 'z': 0.15, 'roll': 0.0, 'pitch': 0.0, 'yaw': 0.0, 'grip_status': True}"
1713813754.5012217,"{'axis': [-0.059, 0.004, -1.0, -0.02, -0.027, -1.0], 'button': [0, 0, 0, 0, 0, 0, 0, 0, 0, 0, 0, 0], 'hat': (0, 0)}","{'x': 0.43, 'y': -0.28, 'z': 0.15, 'roll': 0.0, 'pitch': 0.0, 'yaw': 0.0, 'grip_status': True}"
1713813754.6121001,"{'axis': [-0.059, 0.004, -1.0, -0.02, -0.027, -1.0], 'button': [0, 0, 0, 0, 0, 0, 0, 0, 0, 0, 0, 0], 'hat': (0, 0)}","{'x': 0.43, 'y': -0.28, 'z': 0.15, 'roll': 0.0, 'pitch': 0.0, 'yaw': 0.0, 'grip_status': True}"
